song_id,title,artist,genre,mood
S0001,Jazzy Mountain,Beat Masters,Country,Romantic
S0002,Kind River,Sound Collective,Jazz,Energetic
S0003,Dark River,Violet Harmony,Classical,Dreamy
S0004,Undefined Shadow,Beat Masters,Electronic,Intense
S0005,Vibrant Memory,Jazz Ensemble,Folk,Sad
S0006,Electric Moon,Rhythm Section,Electronic,Nostalgic
S0007,Ocean Dance,The Echoes,Electronic,Romantic
S0008,Fantastic Sunrise,Ocean Waves,Rock,Upbeat
S0009,Midnight Song,Ocean Waves,Jazz,Romantic
S0010,Undefined Sun,Electric Phoenix,Electronic,Dreamy
S0011,Wandering Mountain,The Echoes,Hip Hop,Happy
S0012,Ocean Dream,Neon Dreams,R&B,Energetic
S0013,Neon Sun,Acoustic Hearts,Folk,Sad
S0014,Sweet Sun,Rock Rebels,Jazz,Romantic
S0015,Vibrant Shadow,Jazz Ensemble,Electronic,Dreamy
S0016,Sweet Time,Classic Revival,Country,Nostalgic
S0017,Quiet Love,Violet Harmony,R&B,Energetic
S0018,Radiant Journey,Rock Rebels,Folk,Nostalgic
S0019,Golden Wave,Acoustic Hearts,Classical,Intense
S0020,Vibrant Sunrise,Stellar Band,Classical,Dreamy
S0021,Undefined Sunrise,Jazz Ensemble,Hip Hop,Chill
S0022,Beautiful Light,Urban Soul,Pop,Energetic
S0023,Lost Song,Rhythm Section,Electronic,Chill
S0024,Dark Heart,Sound Collective,Jazz,Chill
S0025,Wandering Fire,Melody Makers,Hip Hop,Melancholic
S0026,Dark Song,Crystal Sound,Classical,Sad
S0027,Dark Ocean,Classic Revival,Rock,Dreamy
S0028,Jazzy Memory,Jazz Ensemble,Indie,Energetic
S0029,Dark Shadow,Crystal Sound,Rock,Sad
S0030,Neon Ocean,Rhythm Section,Rock,Dreamy
S0031,Ocean River,Ocean Waves,Country,Sad
S0032,Sweet River,Classic Revival,Electronic,Dreamy
S0033,Beautiful Sunrise,Classic Revival,Electronic,Romantic
S0034,Lost Light,Acoustic Hearts,Pop,Energetic
S0035,Electric Sun,Rhythm Section,Country,Sad
S0036,Vibrant Journey,Pop Paradise,R&B,Happy
S0037,Quiet Ocean,Rock Rebels,Electronic,Sad
S0038,Quiet Mountain,Electric Phoenix,Pop,Romantic
S0039,Yearning Wave,Crystal Sound,Hip Hop,Intense
S0040,Lost Journey,Crystal Sound,Rock,Chill
S0041,Infinite Moon,Neon Dreams,Folk,Nostalgic
S0042,Radiant Wave,Neon Dreams,R&B,Melancholic
S0043,Lost Fire,Sound Collective,Jazz,Intense
S0044,Infinite Dance,Crystal Sound,Rock,Happy
S0045,Perfect Moon,Sound Collective,Rock,Melancholic
S0046,Undefined Fire,Stellar Band,Pop,Chill
S0047,Fantastic Time,Stellar Band,Hip Hop,Chill
S0048,Perfect Heart,Folk Fusion,Jazz,Melancholic
S0049,Lost Sun,Stellar Band,Indie,Energetic
S0050,Golden Shadow,The Echoes,Indie,Romantic
S0051,Crazy Song,Sound Collective,Jazz,Nostalgic
S0052,Perfect Shadow,Jazz Ensemble,Rock,Intense
S0053,Zealous Memory,Violet Harmony,Folk,Romantic
S0054,Undefined Wave,Melody Makers,Jazz,Romantic
S0055,Kind Sunrise,Crystal Sound,Indie,Upbeat
S0056,Zealous Journey,Stellar Band,Indie,Chill
S0057,Ocean Fire,Melody Makers,Rock,Dreamy
S0058,Jazzy Song,Neon Dreams,R&B,Nostalgic
S0059,Golden River,Electric Phoenix,Electronic,Happy
S0060,Ocean Moon,Classic Revival,Country,Chill
S0061,Infinite Shadow,Sound Collective,Folk,Sad
S0062,Radiant Sunrise,Melody Makers,Folk,Sad
S0063,Zealous Mountain,Crystal Sound,Folk,Happy
S0064,Crazy Ocean,Midnight Rhythm,Jazz,Dreamy
S0065,Midnight River,Violet Harmony,Pop,Energetic
S0066,Sweet Heart,Electric Phoenix,Jazz,Sad
S0067,Midnight Sunrise,Melody Makers,Hip Hop,Dreamy
S0068,Dark Love,Pop Paradise,Classical,Upbeat
S0069,Yearning Song,Digital Pulse,Folk,Intense
S0070,Fantastic Wave,Ocean Waves,Electronic,Nostalgic
S0071,Yearning Shadow,Stellar Band,Hip Hop,Melancholic
S0072,Happy Shadow,Digital Pulse,Electronic,Intense
S0073,Neon Song,Acoustic Hearts,Jazz,Nostalgic
S0074,Timeless Ocean,Acoustic Hearts,Hip Hop,Upbeat
S0075,Jazzy Heart,Violet Harmony,Folk,Dreamy
S0076,Midnight Time,Stellar Band,Electronic,Chill
S0077,Yearning Sunrise,Acoustic Hearts,Hip Hop,Intense
S0078,Vibrant Time,Crystal Sound,Country,Energetic
S0079,Electric Star,The Echoes,Pop,Dreamy
S0080,Dark Moon,Stellar Band,Classical,Melancholic
S0081,Zealous Dance,Jazz Ensemble,R&B,Melancholic
S0082,Quiet Memory,Jazz Ensemble,Hip Hop,Happy
S0083,Fantastic Sky,Ocean Waves,Rock,Melancholic
S0084,Ocean Memory,Folk Fusion,Electronic,Happy
S0085,Midnight Sky,Electric Phoenix,Classical,Dreamy
S0086,Golden Love,Stellar Band,Folk,Dreamy
S0087,Golden Memory,Crystal Sound,Electronic,Intense
S0088,Midnight Moon,Pop Paradise,R&B,Melancholic
S0089,Vibrant Heart,Beat Masters,Country,Chill
S0090,Fantastic Shadow,Melody Makers,Electronic,Nostalgic
S0091,Perfect Ocean,Ocean Waves,Jazz,Happy
S0092,Beautiful Time,Violet Harmony,R&B,Happy
S0093,Kind Light,The Echoes,Country,Sad
S0094,Ocean Sky,Midnight Rhythm,Rock,Melancholic
S0095,Electric Journey,Rock Rebels,R&B,Energetic
S0096,Happy Song,Jazz Ensemble,Country,Sad
S0097,Electric Light,Folk Fusion,Electronic,Sad
S0098,Sweet Shadow,Rock Rebels,Pop,Dreamy
S0099,Sweet Wave,Acoustic Hearts,Pop,Happy
S0100,Jazzy Ocean,Digital Pulse,Indie,Upbeat
S0101,Lost Ocean,Beat Masters,Rock,Nostalgic
S0102,Zealous Wave,Urban Soul,R&B,Energetic
S0103,Radiant Heart,Midnight Rhythm,R&B,Energetic
S0104,Fantastic Dance,Rhythm Section,R&B,Happy
S0105,Dark Light,Rhythm Section,Rock,Melancholic
S0106,Beautiful Fire,Digital Pulse,Pop,Sad
S0107,Crazy Star,Jazz Ensemble,Country,Dreamy
S0108,Radiant Dance,Digital Pulse,Indie,Nostalgic
S0109,Wandering Journey,Beat Masters,Indie,Happy
S0110,Kind Love,Folk Fusion,Jazz,Intense
S0111,Ocean Mountain,Neon Dreams,Indie,Upbeat
S0112,Neon Memory,Neon Dreams,Classical,Upbeat
S0113,Midnight Journey,Rhythm Section,Electronic,Sad
S0114,Yearning River,Ocean Waves,Electronic,Energetic
S0115,Yearning Heart,Electric Phoenix,Hip Hop,Energetic
S0116,Zealous Time,Midnight Rhythm,Rock,Sad
S0117,Vibrant Fire,Acoustic Hearts,Jazz,Dreamy
S0118,Vibrant Light,Urban Soul,Electronic,Romantic
S0119,Sweet Dance,Electric Phoenix,Classical,Energetic
S0120,Sweet Star,Classic Revival,Rock,Romantic
S0121,Crazy Sky,Digital Pulse,Country,Intense
S0122,Quiet Dream,Crystal Sound,Electronic,Romantic
S0123,Wandering Dream,Neon Dreams,Country,Dreamy
S0124,Lost Love,Crystal Sound,Rock,Dreamy
S0125,Golden Dance,Ocean Waves,R&B,Melancholic
S0126,Dark Star,Melody Makers,Jazz,Intense
S0127,Golden Time,Stellar Band,Rock,Upbeat
S0128,Golden Fire,The Echoes,Hip Hop,Upbeat
S0129,Quiet Wave,Jazz Ensemble,Electronic,Nostalgic
S0130,Perfect Sunrise,Rock Rebels,Electronic,Intense
S0131,Neon Mountain,Digital Pulse,Rock,Melancholic
S0132,Yearning Dream,Electric Phoenix,Classical,Energetic
S0133,Kind Ocean,Melody Makers,Electronic,Melancholic
S0134,Ocean Shadow,Digital Pulse,Hip Hop,Intense
S0135,Kind Wave,Stellar Band,Electronic,Upbeat
S0136,Wandering Time,Midnight Rhythm,Classical,Melancholic
S0137,Infinite Heart,Beat Masters,Pop,Dreamy
S0138,Kind Dance,Midnight Rhythm,Hip Hop,Intense
S0139,Quiet Journey,Pop Paradise,Classical,Romantic
S0140,Timeless Wave,Acoustic Hearts,Folk,Energetic
S0141,Golden Sky,Crystal Sound,Jazz,Romantic
S0142,Perfect Light,Classic Revival,Jazz,Romantic
S0143,Quiet Sky,Midnight Rhythm,Classical,Energetic
S0144,Happy Sunrise,Melody Makers,Country,Sad
S0145,Electric Time,Crystal Sound,Rock,Nostalgic
S0146,Timeless Mountain,Rhythm Section,Rock,Energetic
S0147,Lost Dance,Urban Soul,Hip Hop,Energetic
S0148,Quiet Sunrise,Digital Pulse,Jazz,Chill
S0149,Midnight Star,Stellar Band,Folk,Upbeat
S0150,Sweet Mountain,Classic Revival,Hip Hop,Chill
S0151,Zealous Ocean,Digital Pulse,Hip Hop,Upbeat
S0152,Electric Love,Pop Paradise,Folk,Energetic
S0153,Jazzy Dream,Neon Dreams,R&B,Sad
S0154,Timeless Sky,Classic Revival,Country,Romantic
S0155,Beautiful Song,Jazz Ensemble,Pop,Dreamy
S0156,Ocean Wave,Violet Harmony,Folk,Sad
S0157,Infinite Sunrise,Folk Fusion,Jazz,Dreamy
S0158,Jazzy Dance,Ocean Waves,Pop,Intense
S0159,Beautiful Dream,Digital Pulse,Indie,Dreamy
S0160,Fantastic Light,Violet Harmony,Indie,Happy
S0161,Jazzy Sun,Acoustic Hearts,Pop,Sad
S0162,Neon Wave,Digital Pulse,Folk,Nostalgic
S0163,Golden Moon,Beat Masters,R&B,Sad
S0164,Zealous Love,Rock Rebels,R&B,Dreamy
S0165,Wandering Moon,The Echoes,Electronic,Melancholic
S0166,Dark Wave,Classic Revival,Indie,Intense
S0167,Kind Mountain,Folk Fusion,R&B,Energetic
S0168,Jazzy Time,Crystal Sound,Pop,Upbeat
S0169,Lost Sunrise,Sound Collective,Country,Happy
S0170,Timeless Love,Rhythm Section,Jazz,Intense
S0171,Neon Light,Crystal Sound,Folk,Chill
S0172,Crazy Fire,Violet Harmony,Hip Hop,Happy
S0173,Kind Song,Electric Phoenix,R&B,Chill
S0174,Quiet Light,Sound Collective,Country,Happy
S0175,Midnight Shadow,Jazz Ensemble,Folk,Happy
S0176,Yearning Star,Sound Collective,Classical,Upbeat
S0177,Radiant Light,Melody Makers,Pop,Intense
S0178,Crazy River,Ocean Waves,Indie,Happy
S0179,Perfect Wave,Sound Collective,Hip Hop,Chill
S0180,Crazy Light,Folk Fusion,R&B,Intense
S0181,Beautiful Ocean,The Echoes,Classical,Nostalgic
S0182,Midnight Mountain,Classic Revival,R&B,Intense
S0183,Fantastic Star,Folk Fusion,Rock,Sad
S0184,Lost Time,Urban Soul,Rock,Dreamy
S0185,Lost Wave,Sound Collective,R&B,Melancholic
S0186,Infinite Memory,Violet Harmony,Country,Nostalgic
S0187,Kind Shadow,Midnight Rhythm,Classical,Energetic
S0188,Undefined Mountain,Folk Fusion,Jazz,Romantic
S0189,Lost Star,Urban Soul,Classical,Upbeat
S0190,Infinite Star,Rhythm Section,Indie,Nostalgic
S0191,Beautiful Heart,The Echoes,Electronic,Sad
S0192,Zealous Sunrise,Classic Revival,Folk,Dreamy
S0193,Infinite River,Urban Soul,Hip Hop,Energetic
S0194,Dark Memory,Electric Phoenix,Pop,Upbeat
S0195,Yearning Memory,Crystal Sound,Rock,Intense
S0196,Yearning Journey,Electric Phoenix,Hip Hop,Dreamy
S0197,Timeless Fire,Urban Soul,Hip Hop,Energetic
S0198,Jazzy Sky,Folk Fusion,Electronic,Romantic
S0199,Midnight Wave,The Echoes,Pop,Energetic
S0200,Perfect River,Sound Collective,Pop,Dreamy
S0201,Quiet Moon,Electric Phoenix,Rock,Chill
S0202,Zealous Moon,Pop Paradise,Pop,Sad
S0203,Happy Memory,The Echoes,Rock,Upbeat
S0204,Wandering Ocean,Sound Collective,Hip Hop,Energetic
S0205,Happy River,Rock Rebels,Indie,Nostalgic
S0206,Wandering Love,Melody Makers,Rock,Energetic
S0207,Wandering Star,Ocean Waves,R&B,Dreamy
S0208,Ocean Heart,Crystal Sound,Folk,Melancholic
S0209,Lost Mountain,Neon Dreams,Indie,Melancholic
S0210,Zealous Heart,Melody Makers,R&B,Nostalgic
S0211,Dark Sky,Digital Pulse,Folk,Intense
S0212,Vibrant River,Folk Fusion,Indie,Energetic
S0213,Vibrant Moon,Neon Dreams,Hip Hop,Melancholic
S0214,Crazy Sun,Jazz Ensemble,Jazz,Happy
S0215,Sweet Memory,Sound Collective,Pop,Happy
S0216,Infinite Fire,Rock Rebels,Jazz,Upbeat
S0217,Dark Sun,Classic Revival,Folk,Upbeat
S0218,Fantastic Memory,Urban Soul,R&B,Nostalgic
S0219,Midnight Memory,Urban Soul,Indie,Energetic
S0220,Fantastic Mountain,Electric Phoenix,Folk,Intense
S0221,Fantastic River,The Echoes,R&B,Chill
S0222,Infinite Dream,Melody Makers,Pop,Upbeat
S0223,Crazy Memory,Rhythm Section,R&B,Upbeat
S0224,Undefined Star,Beat Masters,R&B,Chill
S0225,Lost Sky,Rhythm Section,Indie,Chill
S0226,Timeless Memory,Stellar Band,R&B,Nostalgic
S0227,Undefined Song,Ocean Waves,Indie,Nostalgic
S0228,Dark Fire,Acoustic Hearts,Rock,Nostalgic
S0229,Jazzy Wave,Ocean Waves,R&B,Chill
S0230,Zealous Sun,Melody Makers,R&B,Energetic
S0231,Undefined Time,Rhythm Section,Folk,Nostalgic
S0232,Quiet Time,Acoustic Hearts,Folk,Romantic
S0233,Perfect Dream,Rhythm Section,Rock,Nostalgic
S0234,Undefined Sky,Ocean Waves,Classical,Melancholic
S0235,Radiant River,Electric Phoenix,Jazz,Happy
S0236,Crazy Sunrise,Pop Paradise,Pop,Happy
S0237,Beautiful Sky,Violet Harmony,Folk,Melancholic
S0238,Radiant Ocean,Melody Makers,Rock,Nostalgic
S0239,Quiet Heart,Ocean Waves,R&B,Chill
S0240,Wandering Light,Urban Soul,Pop,Upbeat
S0241,Perfect Time,Jazz Ensemble,R&B,Romantic
S0242,Quiet River,Violet Harmony,Classical,Melancholic
S0243,Jazzy Fire,Digital Pulse,Hip Hop,Happy
S0244,Fantastic Moon,Urban Soul,Pop,Intense
S0245,Perfect Star,Neon Dreams,Electronic,Dreamy
S0246,Perfect Dance,Beat Masters,R&B,Melancholic
S0247,Beautiful Journey,Midnight Rhythm,Country,Chill
S0248,Timeless Moon,Ocean Waves,Rock,Melancholic
S0249,Midnight Dream,Crystal Sound,Country,Nostalgic
S0250,Infinite Light,Stellar Band,Rock,Romantic
S0251,Timeless Sun,Folk Fusion,Rock,Happy
S0252,Yearning Love,Urban Soul,R&B,Upbeat
S0253,Vibrant Love,Folk Fusion,Country,Energetic
S0254,Electric Ocean,Electric Phoenix,Country,Dreamy
S0255,Quiet Song,Pop Paradise,R&B,Energetic
S0256,Kind Sun,Acoustic Hearts,Indie,Upbeat
S0257,Undefined Dream,Classic Revival,Hip Hop,Happy
S0258,Golden Journey,Folk Fusion,Classical,Melancholic
S0259,Perfect Memory,Digital Pulse,Country,Happy
S0260,Electric Dance,Folk Fusion,Country,Sad
S0261,Beautiful Memory,Neon Dreams,Classical,Chill
S0262,Ocean Journey,Neon Dreams,Indie,Happy
S0263,Sweet Song,Midnight Rhythm,R&B,Intense
S0264,Kind Heart,Rhythm Section,Pop,Upbeat
S0265,Happy Dream,Classic Revival,Electronic,Intense
S0266,Ocean Sunrise,Acoustic Hearts,Electronic,Melancholic
S0267,Beautiful Mountain,Acoustic Hearts,Electronic,Energetic
S0268,Perfect Sun,Stellar Band,Pop,Melancholic
S0269,Beautiful River,Beat Masters,R&B,Chill
S0270,Neon River,Ocean Waves,Classical,Nostalgic
S0271,Happy Wave,Beat Masters,R&B,Melancholic
S0272,Happy Sky,The Echoes,Hip Hop,Dreamy
S0273,Lost Dream,Acoustic Hearts,R&B,Nostalgic
S0274,Vibrant Dream,Urban Soul,Electronic,Energetic
S0275,Beautiful Wave,The Echoes,Rock,Melancholic
S0276,Radiant Time,Neon Dreams,R&B,Sad
S0277,Undefined Journey,Violet Harmony,Indie,Dreamy
S0278,Dark Mountain,Crystal Sound,Hip Hop,Upbeat
S0279,Lost Memory,Digital Pulse,Country,Happy
S0280,Midnight Ocean,Rock Rebels,Folk,Dreamy
S0281,Electric Sunrise,Digital Pulse,Jazz,Energetic
S0282,Ocean Light,Ocean Waves,Jazz,Nostalgic
S0283,Fantastic Dream,Folk Fusion,R&B,Energetic
S0284,Radiant Shadow,Midnight Rhythm,Country,Dreamy
S0285,Midnight Light,Urban Soul,Classical,Intense
S0286,Electric Shadow,Ocean Waves,Electronic,Energetic
S0287,Quiet Star,Neon Dreams,Classical,Happy
S0288,Wandering Song,Neon Dreams,Pop,Sad
S0289,Sweet Light,Digital Pulse,Pop,Melancholic
S0290,Perfect Journey,Urban Soul,Country,Romantic
S0291,Lost River,Crystal Sound,Indie,Upbeat
S0292,Undefined Ocean,Midnight Rhythm,Country,Romantic
S0293,Undefined Memory,Classic Revival,Pop,Happy
S0294,Sweet Ocean,Rock Rebels,Pop,Upbeat
S0295,Happy Journey,Stellar Band,Country,Nostalgic
S0296,Ocean Sun,Rock Rebels,Folk,Energetic
S0297,Undefined Moon,The Echoes,Folk,Upbeat
S0298,Undefined Dance,Rock Rebels,Indie,Nostalgic
S0299,Kind Moon,Jazz Ensemble,Rock,Nostalgic
S0300,Fantastic Fire,Melody Makers,Hip Hop,Melancholic
S0301,Dark Time,Urban Soul,Pop,Energetic
S0302,Electric Wave,Rhythm Section,Jazz,Upbeat
S0303,Jazzy Light,Jazz Ensemble,Jazz,Nostalgic
S0304,Wandering Sunrise,Ocean Waves,R&B,Romantic
S0305,Kind Dream,Beat Masters,R&B,Nostalgic
S0306,Yearning Dance,Sound Collective,Electronic,Happy
S0307,Lost Heart,Neon Dreams,R&B,Sad
S0308,Wandering River,Violet Harmony,Electronic,Dreamy
S0309,Neon Sunrise,Rock Rebels,Classical,Sad
S0310,Yearning Moon,The Echoes,Pop,Intense
S0311,Midnight Fire,Pop Paradise,Electronic,Sad
S0312,Vibrant Star,Rock Rebels,Electronic,Energetic
S0313,Jazzy Love,Electric Phoenix,Jazz,Romantic
S0314,Crazy Wave,Midnight Rhythm,Classical,Happy
S0315,Ocean Song,Digital Pulse,R&B,Melancholic
S0316,Yearning Mountain,Classic Revival,Electronic,Energetic
S0317,Infinite Song,Beat Masters,Electronic,Chill
S0318,Fantastic Heart,Classic Revival,R&B,Energetic
S0319,Jazzy Sunrise,Classic Revival,Folk,Energetic
S0320,Golden Ocean,Acoustic Hearts,Classical,Energetic
S0321,Neon Love,Violet Harmony,Indie,Melancholic
S0322,Ocean Love,The Echoes,Hip Hop,Happy
S0323,Radiant Mountain,Beat Masters,Pop,Melancholic
S0324,Vibrant Sun,Acoustic Hearts,Pop,Nostalgic
S0325,Fantastic Journey,Violet Harmony,R&B,Chill
S0326,Radiant Dream,Jazz Ensemble,Folk,Sad
S0327,Sweet Sky,Melody Makers,Indie,Dreamy
S0328,Timeless Heart,Melody Makers,Pop,Melancholic
S0329,Golden Sun,Digital Pulse,Country,Romantic
S0330,Vibrant Dance,Folk Fusion,R&B,Sad
S0331,Ocean Ocean,Violet Harmony,Hip Hop,Dreamy
S0332,Neon Dream,Folk Fusion,Electronic,Romantic
S0333,Quiet Fire,Melody Makers,Hip Hop,Nostalgic
S0334,Neon Dance,Classic Revival,Classical,Sad
S0335,Wandering Dance,Classic Revival,Folk,Upbeat
S0336,Timeless Sunrise,Jazz Ensemble,Electronic,Happy
S0337,Electric Song,Sound Collective,R&B,Dreamy
S0338,Happy Fire,Rock Rebels,Country,Intense
S0339,Wandering Heart,Ocean Waves,Folk,Romantic
S0340,Beautiful Sun,Rhythm Section,Jazz,Intense
S0341,Timeless Dream,Jazz Ensemble,Country,Sad
S0342,Midnight Love,Rock Rebels,Pop,Intense
S0343,Zealous Light,Folk Fusion,R&B,Happy
S0344,Radiant Memory,Classic Revival,Rock,Nostalgic
S0345,Wandering Wave,Pop Paradise,Hip Hop,Chill
S0346,Fantastic Sun,Jazz Ensemble,R&B,Dreamy
S0347,Radiant Star,Digital Pulse,Jazz,Chill
S0348,Neon Sky,Sound Collective,Electronic,Dreamy
S0349,Infinite Sky,Violet Harmony,Classical,Upbeat
S0350,Crazy Moon,Acoustic Hearts,Classical,Energetic
S0351,Yearning Light,Pop Paradise,Folk,Dreamy
S0352,Jazzy Journey,Pop Paradise,Jazz,Dreamy
S0353,Electric Sky,Electric Phoenix,Country,Upbeat
S0354,Undefined Light,Stellar Band,Folk,Upbeat
S0355,Vibrant Sky,Sound Collective,Classical,Upbeat
S0356,Undefined Love,Acoustic Hearts,Electronic,Nostalgic
S0357,Crazy Heart,Folk Fusion,Hip Hop,Chill
S0358,Happy Time,Classic Revival,Rock,Happy
S0359,Ocean Star,Pop Paradise,Indie,Nostalgic
S0360,Beautiful Shadow,Melody Makers,Jazz,Sad
S0361,Happy Moon,Violet Harmony,Electronic,Sad
S0362,Neon Heart,Crystal Sound,R&B,Energetic
S0363,Wandering Shadow,Neon Dreams,Hip Hop,Nostalgic
S0364,Electric Dream,Stellar Band,Pop,Romantic
S0365,Timeless Dance,Urban Soul,Electronic,Melancholic
S0366,Vibrant Mountain,Midnight Rhythm,Hip Hop,Upbeat
S0367,Electric Mountain,Electric Phoenix,Indie,Sad
S0368,Perfect Song,Digital Pulse,Hip Hop,Melancholic
S0369,Fantastic Love,Crystal Sound,Folk,Romantic
S0370,Midnight Heart,Crystal Sound,Country,Sad
S0371,Sweet Moon,Stellar Band,Hip Hop,Chill
S0372,Perfect Fire,Acoustic Hearts,Rock,Melancholic
S0373,Dark Dance,Folk Fusion,Classical,Dreamy
S0374,Crazy Love,Neon Dreams,Country,Upbeat
S0375,Undefined River,The Echoes,Folk,Chill
S0376,Golden Song,Crystal Sound,Rock,Intense
S0377,Vibrant Wave,Folk Fusion,R&B,Sad
S0378,Sweet Fire,Crystal Sound,Rock,Dreamy
S0379,Golden Star,Violet Harmony,Hip Hop,Nostalgic
S0380,Golden Mountain,Urban Soul,Electronic,Chill
S0381,Dark Dream,Neon Dreams,Electronic,Upbeat
S0382,Infinite Time,Electric Phoenix,Jazz,Sad
S0383,Timeless Shadow,Rock Rebels,Classical,Sad
S0384,Radiant Moon,Folk Fusion,Jazz,Upbeat
S0385,Kind Time,Sound Collective,Pop,Sad
S0386,Electric Fire,Sound Collective,Jazz,Energetic
S0387,Golden Light,Ocean Waves,Jazz,Sad
S0388,Perfect Mountain,Urban Soul,Electronic,Intense
S0389,Neon Journey,Neon Dreams,Electronic,Intense
S0390,Kind Memory,Urban Soul,Electronic,Happy
S0391,Jazzy Star,Melody Makers,Indie,Dreamy
S0392,Quiet Shadow,Digital Pulse,Indie,Nostalgic
S0393,Vibrant Song,Digital Pulse,Country,Upbeat
S0394,Happy Ocean,Neon Dreams,Folk,Nostalgic
S0395,Crazy Dream,Neon Dreams,Indie,Intense
S0396,Happy Love,Melody Makers,Hip Hop,Upbeat
S0397,Yearning Fire,Rhythm Section,Electronic,Happy
S0398,Neon Star,Neon Dreams,Rock,Intense
S0399,Radiant Love,Melody Makers,Classical,Energetic
S0400,Quiet Sun,Melody Makers,Rock,Nostalgic
S0401,Golden Sunrise,Electric Phoenix,Country,Energetic
S0402,Zealous River,Beat Masters,Classical,Dreamy
S0403,Infinite Journey,Crystal Sound,Indie,Intense
S0404,Wandering Sky,Digital Pulse,Classical,Romantic
S0405,Sweet Love,Sound Collective,Electronic,Romantic
S0406,Crazy Mountain,Electric Phoenix,Pop,Energetic
S0407,Radiant Sky,Rock Rebels,Hip Hop,Sad
S0408,Happy Heart,Neon Dreams,Jazz,Chill
S0409,Radiant Fire,The Echoes,Folk,Upbeat
S0410,Zealous Dream,Rhythm Section,Jazz,Upbeat
S0411,Crazy Dance,Stellar Band,Electronic,Romantic
S0412,Happy Star,Melody Makers,Pop,Chill
S0413,Timeless Journey,Acoustic Hearts,Pop,Energetic
S0414,Yearning Sun,Beat Masters,Folk,Melancholic
S0415,Sweet Journey,Classic Revival,Hip Hop,Chill
S0416,Radiant Sun,Sound Collective,Electronic,Happy
S0417,Fantastic Song,Acoustic Hearts,R&B,Nostalgic
S0418,Midnight Dance,Rock Rebels,Country,Upbeat
S0419,Jazzy Moon,Sound Collective,R&B,Melancholic
S0420,Infinite Sun,Urban Soul,Country,Dreamy
S0421,Perfect Love,Folk Fusion,Pop,Happy
S0422,Neon Fire,Ocean Waves,Pop,Chill
S0423,Zealous Song,Rhythm Section,Hip Hop,Chill
S0424,Ocean Time,Stellar Band,Rock,Upbeat
S0425,Dark Journey,Pop Paradise,Rock,Nostalgic
S0426,Midnight Sun,Jazz Ensemble,Folk,Happy
S0427,Zealous Fire,Rock Rebels,Indie,Intense
S0428,Crazy Time,Ocean Waves,Electronic,Chill
S0429,Fantastic Ocean,The Echoes,Pop,Sad
S0430,Kind Fire,Neon Dreams,Hip Hop,Intense
S0431,Beautiful Star,Urban Soul,Jazz,Melancholic
S0432,Perfect Sky,Electric Phoenix,R&B,Happy
S0433,Dark Sunrise,Rhythm Section,Jazz,Intense
S0434,Wandering Memory,Urban Soul,Electronic,Nostalgic
S0435,Infinite Mountain,Classic Revival,Rock,Sad
S0436,Electric River,Classic Revival,R&B,Energetic
S0437,Happy Mountain,Rock Rebels,Hip Hop,Chill
S0438,Happy Dance,Melody Makers,R&B,Sad
S0439,Lost Moon,Urban Soul,Indie,Intense
S0440,Kind Star,Rhythm Section,Pop,Dreamy
S0441,Zealous Sky,Violet Harmony,Indie,Sad
S0442,Undefined Heart,Folk Fusion,Jazz,Happy
S0443,Timeless Light,Neon Dreams,Jazz,Intense
S0444,Jazzy Shadow,Neon Dreams,Country,Dreamy
S0445,Sweet Dream,Stellar Band,Electronic,Melancholic
S0446,Happy Light,Pop Paradise,Classical,Dreamy
S0447,Radiant Song,Rhythm Section,Pop,Chill
S0448,Yearning Sky,Ocean Waves,Hip Hop,Chill
S0449,Yearning Time,The Echoes,Rock,Sad
S0450,Electric Heart,Pop Paradise,Jazz,Chill
S0451,Jazzy River,The Echoes,Electronic,Intense
S0452,Neon Time,Beat Masters,R&B,Romantic
S0453,Kind Journey,Electric Phoenix,Classical,Happy
S0454,Wandering Sun,Neon Dreams,Electronic,Romantic
S0455,Quiet Dance,Classic Revival,Country,Happy
S0456,Infinite Love,The Echoes,Folk,Intense
S0457,Neon Shadow,Rock Rebels,Rock,Romantic
S0458,Timeless River,Violet Harmony,R&B,Sad
S0459,Vibrant Ocean,The Echoes,Folk,Nostalgic
S0460,Yearning Ocean,Urban Soul,Pop,Melancholic
S0461,Happy Sun,Urban Soul,Rock,Nostalgic
S0462,Golden Dream,Stellar Band,Rock,Energetic
S0463,Sweet Sunrise,Jazz Ensemble,Jazz,Intense
S0464,Kind Sky,Rock Rebels,Electronic,Energetic
S0465,Beautiful Love,Jazz Ensemble,Folk,Chill
S0466,Timeless Time,Urban Soul,R&B,Upbeat
S0467,Beautiful Moon,The Echoes,Folk,Romantic
S0468,Timeless Song,Ocean Waves,Folk,Dreamy
S0469,Sweet Heart 468,Stellar Band,Jazz,Nostalgic
S0470,Neon Moon,Stellar Band,Hip Hop,Energetic
S0471,Zealous Star,Urban Soul,Indie,Happy
S0472,Midnight Moon 471,Melody Makers,R&B,Happy
S0473,Infinite Wave,Melody Makers,Country,Intense
S0474,Lost Shadow 473,Urban Soul,Hip Hop,Melancholic
S0475,Timeless Star,Beat Masters,Hip Hop,Nostalgic
S0476,Crazy Journey,Melody Makers,Classical,Romantic
S0477,Neon Star 476,Crystal Sound,Country,Happy
S0478,Zealous Shadow,Ocean Waves,Electronic,Melancholic
S0479,Fantastic Memory 478,Stellar Band,Classical,Chill
S0480,Golden Mountain 479,Rock Rebels,Indie,Sad
S0481,Midnight Sky 480,Rock Rebels,Country,Upbeat
S0482,Yearning Sunrise 481,Melody Makers,Rock,Happy
S0483,Ocean Ocean 482,Crystal Sound,Electronic,Energetic
S0484,Radiant Time 483,Violet Harmony,Folk,Upbeat
S0485,Vibrant Moon 484,Melody Makers,Indie,Nostalgic
S0486,Beautiful Dance,Neon Dreams,R&B,Happy
S0487,Infinite Shadow 486,Pop Paradise,Pop,Melancholic
S0488,Golden Moon 487,Neon Dreams,Country,Happy
S0489,Lost Shadow,Melody Makers,Hip Hop,Upbeat
S0490,Golden Light 489,Beat Masters,Pop,Chill
S0491,Electric Memory,Sound Collective,Folk,Dreamy
S0492,Vibrant Time 491,Sound Collective,Jazz,Intense
S0493,Radiant Time 492,Urban Soul,Folk,Melancholic
S0494,Golden Heart,Violet Harmony,Country,Romantic
S0495,Infinite Ocean,Neon Dreams,Classical,Romantic
S0496,Happy Memory 495,Beat Masters,Folk,Sad
S0497,Crazy Shadow,Melody Makers,Rock,Sad
S0498,Infinite Dance 497,Neon Dreams,Classical,Dreamy
S0499,Crazy Mountain 498,Folk Fusion,Rock,Energetic
S0500,Vibrant Dance 499,Folk Fusion,Jazz,Happy
